{"lr": 0.0002069094827586207, "data_time": 1.1352675914764405, "loss": 2.7774674892425537, "loss_cls": 2.09952073097229, "loss_bbox": 0.6779467582702636, "time": 16.475605487823486, "epoch": 1, "iter": 5, "memory": 1623, "step": 5}
{"lr": 0.0005172512068965518, "data_time": 0.9113280122930353, "loss": 2.8222873644395308, "loss_cls": 2.1781897978349165, "loss_bbox": 0.6440975882790305, "time": 8.258181181820957, "epoch": 2, "iter": 11, "memory": 1623, "step": 11}
{"lr": 0.0008275929310344827, "data_time": 0.8408999583300423, "loss": 2.822764340568991, "loss_cls": 2.218379588688121, "loss_bbox": 0.604384769411648, "time": 5.771894440931432, "epoch": 3, "iter": 17, "memory": 1623, "step": 17}
{"lr": 0.0011379346551724135, "data_time": 0.7692068037779435, "loss": 2.7207301906917407, "loss_cls": 2.1618223812269126, "loss_bbox": 0.5589078237181124, "time": 4.5658139871514365, "epoch": 4, "iter": 23, "memory": 1623, "step": 23}
{"lr": 0.001448276379310344, "data_time": 0.7281736012162834, "loss": 2.5043719883622795, "loss_cls": 1.9753761435377186, "loss_bbox": 0.5289958551012236, "time": 3.871181142741236, "epoch": 5, "iter": 29, "memory": 1623, "step": 29}
{"lr": 0.0014999999999999992, "data_time": 0.6966174738747734, "loss": 2.295127127851759, "loss_cls": 1.7985758900642395, "loss_bbox": 0.49655124885695323, "time": 3.4032923357827323, "epoch": 6, "iter": 35, "memory": 1623, "step": 35}
{"lr": 0.0014999999999999992, "data_time": 0.6938149638292266, "loss": 2.1011574093888448, "loss_cls": 1.6275794993086559, "loss_bbox": 0.47357791734904775, "time": 3.076183650551773, "epoch": 7, "iter": 41, "memory": 1623, "step": 41}
{"lr": 0.0014999999999999992, "data_time": 0.6662221715805379, "loss": 1.948841839394671, "loss_cls": 1.4935902781943058, "loss_bbox": 0.4552515669071928, "time": 2.8474038509612387, "epoch": 8, "iter": 47, "memory": 1623, "step": 47}
{"lr": 0.0014999999999999992, "data_time": 0.5976458597183227, "loss": 1.7691331946849822, "loss_cls": 1.3429923731088638, "loss_bbox": 0.4261408257484436, "time": 1.2069197130203246, "epoch": 9, "iter": 53, "memory": 1623, "step": 53}
{"lr": 0.0014999999999999992, "data_time": 0.5758263301849366, "loss": 1.5341972541809081, "loss_cls": 1.1435556107759475, "loss_bbox": 0.39064164757728576, "time": 1.1963590097427368, "epoch": 10, "iter": 59, "memory": 1623, "step": 59}
{"coco/bbox_mAP": 0.632, "coco/bbox_mAP_50": 0.863, "coco/bbox_mAP_75": 0.777, "coco/bbox_mAP_s": 0.0, "coco/bbox_mAP_m": 0.406, "coco/bbox_mAP_l": 0.751, "data_time": 0.13873637639559233, "time": 0.4671528155987079, "step": 10}
{"lr": 0.0014999999999999992, "data_time": 0.5544574403762818, "loss": 1.2759655380249024, "loss_cls": 0.9150683814287186, "loss_bbox": 0.36089715629816055, "time": 1.2467049551010132, "epoch": 11, "iter": 65, "memory": 1623, "step": 65}
{"lr": 0.0014999999999999992, "data_time": 0.5554426765441894, "loss": 1.0474464344978331, "loss_cls": 0.7035109144449234, "loss_bbox": 0.3439355197548866, "time": 1.2611594486236573, "epoch": 12, "iter": 71, "memory": 1623, "step": 71}
{"lr": 0.0014999999999999992, "data_time": 0.5591801834106446, "loss": 0.9185958313941955, "loss_cls": 0.5919872730970382, "loss_bbox": 0.32660855740308764, "time": 1.2466214513778686, "epoch": 13, "iter": 77, "memory": 1623, "step": 77}
{"lr": 0.0014999999999999992, "data_time": 0.555989327430725, "loss": 0.8457210242748261, "loss_cls": 0.532054243683815, "loss_bbox": 0.3136667791008949, "time": 1.2449320220947266, "epoch": 14, "iter": 83, "memory": 1623, "step": 83}
{"lr": 0.0014999999999999992, "data_time": 0.5700080156326294, "loss": 0.7743789148330689, "loss_cls": 0.47123210251331327, "loss_bbox": 0.30314681231975554, "time": 1.2667654991149901, "epoch": 15, "iter": 89, "memory": 1623, "step": 89}
{"lr": 0.0014999999999999992, "data_time": 0.5799052810668945, "loss": 0.791550668478012, "loss_cls": 0.4920584440231323, "loss_bbox": 0.29949222683906557, "time": 1.241631646156311, "epoch": 16, "iter": 95, "memory": 1623, "step": 95}
{"lr": 0.0014999999999999992, "data_time": 0.5817454528808593, "loss": 0.7738919389247895, "loss_cls": 0.47847712397575376, "loss_bbox": 0.2954148185253143, "time": 1.2360375356674194, "epoch": 17, "iter": 101, "memory": 1623, "step": 101}
{"lr": 0.0014999999999999992, "data_time": 0.5762224197387695, "loss": 0.7855459427833558, "loss_cls": 0.504601423740387, "loss_bbox": 0.28094451934099196, "time": 1.2157862997055053, "epoch": 18, "iter": 107, "memory": 1623, "step": 107}
{"lr": 0.0014999999999999992, "data_time": 0.5978557443618775, "loss": 0.7820669436454772, "loss_cls": 0.5045982146263123, "loss_bbox": 0.27746872991323474, "time": 1.1765474224090575, "epoch": 19, "iter": 113, "memory": 1623, "step": 113}
{"lr": 0.0014999999999999992, "data_time": 0.5985591077804565, "loss": 0.7835508930683136, "loss_cls": 0.5060114425420761, "loss_bbox": 0.2775394517183304, "time": 1.1552414083480835, "epoch": 20, "iter": 119, "memory": 1623, "step": 119}
{"coco/bbox_mAP": 0.571, "coco/bbox_mAP_50": 0.786, "coco/bbox_mAP_75": 0.628, "coco/bbox_mAP_s": 0.0, "coco/bbox_mAP_m": 0.243, "coco/bbox_mAP_l": 0.743, "data_time": 0.00845597471509661, "time": 0.3247894900185721, "step": 20}
{"lr": 0.0014999999999999992, "data_time": 0.599125018119812, "loss": 0.7704533469676972, "loss_cls": 0.49183720350265503, "loss_bbox": 0.278616144657135, "time": 1.1498305797576904, "epoch": 21, "iter": 125, "memory": 1623, "step": 125}
{"lr": 0.0014999999999999992, "data_time": 0.6039605569839478, "loss": 0.7748231053352356, "loss_cls": 0.49035399079322817, "loss_bbox": 0.28446911573410033, "time": 1.1532815408706665, "epoch": 22, "iter": 131, "memory": 1623, "step": 131}
{"lr": 0.0014999999999999992, "data_time": 0.6097306442260743, "loss": 0.7882355237007141, "loss_cls": 0.49957612335681917, "loss_bbox": 0.2886594006419182, "time": 1.1536052989959718, "epoch": 23, "iter": 137, "memory": 1623, "step": 137}
{"lr": 0.0014999999999999992, "data_time": 0.5959571599960327, "loss": 0.7630801641941071, "loss_cls": 0.46783175468444826, "loss_bbox": 0.2952484056353569, "time": 1.1364891004562379, "epoch": 24, "iter": 143, "memory": 1623, "step": 143}
{"lr": 0.0014999999999999992, "data_time": 0.5862030553817749, "loss": 0.7798151504993439, "loss_cls": 0.48153541326522825, "loss_bbox": 0.29827973395586016, "time": 1.1279320049285888, "epoch": 25, "iter": 149, "memory": 1623, "step": 149}
{"lr": 0.0014999999999999992, "data_time": 0.5905738115310669, "loss": 0.7578289675712585, "loss_cls": 0.4511110484600067, "loss_bbox": 0.3067179176211357, "time": 1.1303429794311524, "epoch": 26, "iter": 155, "memory": 1623, "step": 155}
{"lr": 0.0014999999999999992, "data_time": 0.5643396139144897, "loss": 0.7537525641918182, "loss_cls": 0.44626226246356965, "loss_bbox": 0.30749030232429503, "time": 1.115720386505127, "epoch": 27, "iter": 161, "memory": 1623, "step": 161}
{"lr": 0.0014999999999999992, "data_time": 0.5444819450378418, "loss": 0.7501328957080841, "loss_cls": 0.44434971749782565, "loss_bbox": 0.3057831773161888, "time": 1.106850504875183, "epoch": 28, "iter": 167, "memory": 1623, "step": 167}
{"lr": 0.0014999999999999992, "data_time": 0.5564663696289063, "loss": 0.7444215774536133, "loss_cls": 0.44080542266368866, "loss_bbox": 0.30361615508794787, "time": 1.1128755617141723, "epoch": 29, "iter": 173, "memory": 1623, "step": 173}
{"lr": 0.0014999999999999992, "data_time": 0.5618032026290893, "loss": 0.7353966891765594, "loss_cls": 0.4372656953334808, "loss_bbox": 0.29813099414110183, "time": 1.1066524600982666, "epoch": 30, "iter": 179, "memory": 1623, "step": 179}
{"coco/bbox_mAP": 0.645, "coco/bbox_mAP_50": 0.83, "coco/bbox_mAP_75": 0.795, "coco/bbox_mAP_s": 0.0, "coco/bbox_mAP_m": 0.32, "coco/bbox_mAP_l": 0.781, "data_time": 0.006484389305114746, "time": 0.31250427450452534, "step": 30}
{"lr": 0.0014999999999999992, "data_time": 0.5641862440109253, "loss": 0.7381013762950898, "loss_cls": 0.43742472767829893, "loss_bbox": 0.30067665070295335,