{"coco/bbox_mAP": 0.762, "coco/bbox_mAP_50": 0.967, "coco/bbox_mAP_75": 0.947, "coco/bbox_mAP_s": -1.0, "coco/bbox_mAP_m": -1.0, "coco/bbox_mAP_l": 0.762, "data_time": 0.5915443463758989, "time": 14.517739274285056}