{"accuracy/top1": 67.88990783691406, "accuracy/top5": 94.26605224609375, "data_time": 0.35283310072762625, "time": 2.7348855222974504}