{"coco/AP": 0.7300875099360831, "coco/AP .5": 1.0, "coco/AP .75": 0.9173267326732673, "coco/AP (M)": -1.0, "coco/AP (L)": 0.7300875099360831, "coco/AR": 0.7476190476190475, "coco/AR .5": 1.0, "coco/AR .75": 0.9285714285714286, "coco/AR (M)": -1.0, "coco/AR (L)": 0.7476190476190475, "PCK": 0.9750566893424035, "AUC": 0.11292517006802724, "NME": 0.04408508958189396, "data_time": 1.3387910922368367, "time": 26.377753655115765}