{"coco/bbox_mAP": 0.72, "coco/bbox_mAP_50": 0.85, "coco/bbox_mAP_75": 0.814, "coco/bbox_mAP_s": 0.0, "coco/bbox_mAP_m": 0.382, "coco/bbox_mAP_l": 0.856, "data_time": 0.10383393214299129, "time": 5.10165601510268}